Workbook

Sheet Inventario
A1: ID | B1: Producto | C1: Categoría | D1: Proveedor | E1: Stock | F1: Precio Unitario
A2: P001 | B2: Laptop Lenovo | C2: Tecnología | D2: Dell GT | E2: 15 | F2: 4500
A3: P002 | B3: Mouse Logitech | C3: Accesorios | D3: Logitech | E3: 50 | F3: 120
A4: P003 | B4: Teclado Mecánico | C4: Accesorios | D4: Redragon | E4: 30 | F4: 250
A5: P004 | B5: Monitor 24'' | C5: Tecnología | D5: Samsung | E5: 20 | F5: 1200
A6: P005 | B6: Impresora HP | C6: Oficina | D6: HP | E6: 10 | F6: 900
A7: P006 | B7: USB 32GB | C7: Accesorios | D7: Kingston | E7: 80 | F7: 60
A8: P007 | B8: Disco SSD 512GB | C8: Tecnología | D8: Kingston | E8: 25 | F8: 400
A9: P008 | B9: Router WiFi | C9: Redes | D9: TP-Link | E9: 18 | F9: 300
A10: P009 | B10: Cámara Seguridad | C10: Seguridad | D10: Hikvision | E10: 12 | F10: 700
A11: P010 | B11: Tablet Samsung | C11: Tecnología | D11: Samsung | E11: 14 | F11: 1500
A12: P011 | B12: Laptop HP | C12: Tecnología | D12: HP | E12: 10 | F12: 4200
A13: P012 | B13: Audífonos | C13: Accesorios | D13: Sony | E13: 40 | F13: 200
... A31: P030 | B31: Servidor básico | C31: Tecnología | D31: Dell | E31: 3 | F31: 8500

Sheet Recibo
A1: ID Producto | B1: Producto | C1: Precio | D1: Cantidad | E1: Total
B2: =IFERROR(VLOOKUP(A2,Inventario!A:F,2,FALSE),"") | C2: =IFERROR(VLOOKUP(A2,Inventario!A:F,6,FALSE),"") | E2: =IF(D2="","",C2*D2)
B3: =IFERROR(VLOOKUP(A3,Inventario!A:F,2,FALSE),"") | C3: =IFERROR(VLOOKUP(A3,Inventario!A:F,6,FALSE),"") | E3: =IF(D3="","",C3*D3)
B4: =IFERROR(VLOOKUP(A4,Inventario!A:F,2,FALSE),"") | C4: =IFERROR(VLOOKUP(A4,Inventario!A:F,6,FALSE),"") | E4: =IF(D4="","",C4*D4)
B5: =IFERROR(VLOOKUP(A5,Inventario!A:F,2,FALSE),"") | C5: =IFERROR(VLOOKUP(A5,Inventario!A:F,6,FALSE),"") | E5: =IF(D5="","",C5*D5)
B6: =IFERROR(VLOOKUP(A6,Inventario!A:F,2,FALSE),"") | C6: =IFERROR(VLOOKUP(A6,Inventario!A:F,6,FALSE),"") | E6: =IF(D6="","",C6*D6)
B7: =IFERROR(VLOOKUP(A7,Inventario!A:F,2,FALSE),"") | C7: =IFERROR(VLOOKUP(A7,Inventario!A:F,6,FALSE),"") | E7: =IF(D7="","",C7*D7)
B8: =IFERROR(VLOOKUP(A8,Inventario!A:F,2,FALSE),"") | C8: =IFERROR(VLOOKUP(A8,Inventario!A:F,6,FALSE),"") | E8: =IF(D8="","",C8*D8)
B9: =IFERROR(VLOOKUP(A9,Inventario!A:F,2,FALSE),"") | C9: =IFERROR(VLOOKUP(A9,Inventario!A:F,6,FALSE),"") | E9: =IF(D9="","",C9*D9)
B10: =IFERROR(VLOOKUP(A10,Inventario!A:F,2,FALSE),"") | C10: =IFERROR(VLOOKUP(A10,Inventario!A:F,6,FALSE),"") | E10: =IF(D10="","",C10*D10)
B11: =IFERROR(VLOOKUP(A11,Inventario!A:F,2,FALSE),"") | C11: =IFERROR(VLOOKUP(A11,Inventario!A:F,6,FALSE),"") | E11: =IF(D11="","",C11*D11)
B12: =IFERROR(VLOOKUP(A12,Inventario!A:F,2,FALSE),"") | C12: =IFERROR(VLOOKUP(A12,Inventario!A:F,6,FALSE),"") | E12: =IF(D12="","",C12*D12)
B13: =IFERROR(VLOOKUP(A13,Inventario!A:F,2,FALSE),"") | C13: =IFERROR(VLOOKUP(A13,Inventario!A:F,6,FALSE),"") | E13: =IF(D13="","",C13*D13)
... B15: =IFERROR(VLOOKUP(A15,Inventario!A:F,2,FALSE),"") | C15: =IFERROR(VLOOKUP(A15,Inventario!A:F,6,FALSE),"") | E15: =IF(D15="","",C15*D15)
